zeta,trade_off_alpha,trade_off_beta
-6.0,0.99999999999999830652677359816983083,-3.0014931840923237231347557235156053e-28
-5.9866666666666666666666666666666667,0.99999999999999799717750256532113098,-2.6256881177084057871620079525640901e-28
-5.9733333333333333333333333333333333,0.99999999999999763234802146355012996,-2.1521774677503476326172552657620288e-28
-5.96,0.99999999999999720227796940582812795,-1.5558135923275889672355137892645397e-28
-5.9466666666666666666666666666666667,0.99999999999999669552427332925906476,-8.0505276927454988853980576150947988e-29
-5.9333333333333333333333333333333333,0.9999999999999960986771625203902325,1.3966151329159778013376770353881705e-29
-5.92,0.99999999999999539601825862917709789,1.3279310396650328590508362685475826e-28
-5.9066666666666666666666666666666667,0.99999999999999456917763474883821131,2.8218439115538987523087626781140264e-28
-5.8933333333333333333333333333333333,0.99999999999999359662454808674936033,4.6992130662519078031770675037321545e-28
-5.88,0.99999999999999245318482756320893037,7.0574234915556783617649738885219094e-28
-5.8666666666666666666666666666666667,0.99999999999999110942491783960395695,1.0018324533378081653967811208672109e-27
-5.8533333333333333333333333333333333,0.99999999999998953094691903789105735,1.3734307247856470430281341255306107e-27
-5.84,0.99999999999998767754049419295540458,1.8395949989892988114344044165361258e-27
-5.8266666666666666666666666666666667,0.99999999999998550234352031427366873,2.424115914891512227473750893846381e-27
-5.8133333333333333333333333333333333,0.99999999999998295057789403578123859,3.1567298938107360580214110963199476e-27
-5.8,0.99999999999997995837235214014585143,4.0745525895502554454404895085739207e-27
-5.7866666666666666666666666666666667,0.99999999999997645125328530173562925,5.2238987107228199655183499799261152e-27
-5.7733333333333333333333333333333333,0.9999999999999723424244925560217904,6.6625360327493852656191224749231402e-27
-5.76,0.99999999999996753069892467918722051,8.4625144726146194850241590788120449e-27
-5.7466666666666666666666666666666667,0.99999999999996189848100366913340836,1.0713532914466380134100285131083646e-26
-5.7333333333333333333333333333333333,0.99999999999995530867962751650003074,1.352740843755062305779500822602925e-26
-5.72,0.99999999999994760188747122805324323,1.7043329842229150372129502260255548e-26
-5.7066666666666666666666666666666667,0.99999999999993859274580392719616192,2.1434516336906301690663893388122006e-26
-5.6933333333333333333333333333333333,0.9999999999999280658182744961671119,2.6916440879982638577533653728913175e-26
-5.68,0.9999999999999157706320571372849691,3.3757127686504221313230967692940232e-26
-5.6666666666666666666666666666666667,0.99999999999990141691486607555889662,4.2289349389013333570204048785975117e-26
-5.6533333333333333333333333333333333,0.99999999999988466717981563371752697,5.2926826597983774559920499260894155e-26
-5.64,0.9999999999998651300867307865220872,6.6183165577476257426565882342934294e-26
-5.6266666666666666666666666666666667,0.99999999999984235183452804494380644,8.2695824362741837102835452021003032e-26
-5.6133333333333333333333333333333333,0.99999999999981580601716947736628016,1.0325595584580959061486619210659271e-25
-5.6,0.99999999999978488401513983648421229,1.2884361401321325032635769462631201e-25
-5.5866666666666666666666666666666667,0.99999999999974887979607966908176549,1.606745409400751467355323282561533e-25
-5.5733333333333333333333333333333333,0.99999999999970697655322343861097409,2.0025460369688928567611924090658415e-25
-5.56,0.99999999999965822928085741857391342,2.4944860165685220396360806424052214e-25
-5.5466666666666666666666666666666667,0.99999999999960154515503193354358231,3.1056478239297579850839397302769513e-25
-5.5333333333333333333333333333333333,0.99999999999953565996067195291932572,3.8646023590036371194217499323687859e-25
-5.52,0.99999999999945911616262474763092402,4.8066461405098337918183919731977534e-25
-5.5066666666666666666666666666666667,0.99999999999937022747773583298557414,5.9754469788536178239329783582794231e-25
-5.4933333333333333333333333333333333,0.99999999999926704845708282191294623,7.4249475446550768867323482553893744e-25
-5.48,0.99999999999914733450471400717197896,9.2217681175258991805357373843436213e-25
-5.4666666666666666666666666666666667,0.99999999999900849706869432459541747,1.144814908709268575566806553996139e-24
-5.4533333333333333333333333333333333,0.99999999999884754979075220785205486,1.4205612177355277201845445152404892e-24
-5.44,0.9999999999986610593882178238621187,1.7619236378366569610336781872501723e-24
-5.4266666666666666666666666666666667,0.99999999999844506441634038295200931,2.1843352203648239546691269117527453e-24
-5.4133333333333333333333333333333333,0.99999999999819500728545747704409901,2.706808849005251179275150603098724e-24
-5.4,0.9999999999979056440886402052586519,3.3527625321515485915093811676326204e-24
-5.3866666666666666666666666666666667,0.99999999999757094402792309776591572,4.1510270587448528517772912503450471e-24
-5.3733333333333333333333333333333333,0.99999999999718396848736150706638478,5.1370970227141589853626033017633536e-24
-5.36,0.99999999999673676308637452775535246,6.3545842262634642863519057459320262e-24
-5.3466666666666666666666666666666667,0.99999999999622017441627718665223849,7.8571558967279395291238162829608901e-24
-5.3333333333333333333333333333333333,0.99999999999562370090576985997819945,9.710749128355189638755090150017914e-24
-5.32,0.99999999999493529293021219651504813,1.1996359094095153578217240625659691e-23
-5.3066666666666666666666666666666667,0.99999999999414111860107475641550753,1.4813478451239033399009910416187427e-23
-5.2933333333333333333333333333333333,0.99999999999322535875441599592643478,1.8284075161265864464851409594550989e-23
-5.28,0.99999999999216985041602267400761388,2.2557904502752840528566383693510445e-23
-5.2666666666666666666666666666666667,0.99999999999095380390109259039667934,2.7818545308395368415594303536208737e-23
-5.2533333333333333333333333333333333,0.99999999998955341985704159287597909,3.4290993306317969218089501814651371e-23
-5.24,0.9999999999879414661417046722519495,4.2250880953189195278476411489106258e-23
-5.2266666666666666666666666666666667,0.99999999998608676818976573997836159,5.2035878869181148426745187718380215e-23
-5.2133333333333333333333333333333333,0.99999999998395377426432940073721753,6.4058808758794498009284536094120799e-23
-5.2,0.99999999998150177479421006248457009,7.8825188133716938943357685379567887e-23
-5.1866666666666666666666666666666667,0.99999999997868430302715991599164278,9.6953033041646168413301173081132342e-23
-5.1733333333333333333333333333333333,0.99999999997544831265290115380480355,1.1919774462888173351062788486602485e-22
-5.16,0.99999999997173327417014527890595833,1.464822339189418136642646710046726e-22
-5.1466666666666666666666666666666667,0.99999999996747008489363802983167724,1.7993409632584828625824954101078435e-22
-5.1333333333333333333333333333333333,0.99999999996258016533315044590779997,2.2092812050747481920351664323599118e-22
-5.12,0.99999999995697377733675051373850923,2.7114329108492855057274223286223587e-22
-5.1066666666666666666666666666666667,0.99999999995054877880069131273246769,3.3262667739921433016320323019833102e-22
-5.0933333333333333333333333333333333,0.99999999994318888812671345532443968,4.078736554725011123320007474523273e-22
-5.08,0.99999999993476178825490876191083586,4.9992471569458234130435939866424467e-22
-5.0666666666666666666666666666666667,0.99999999992511683533439417412343104,6.124846784250978828457165709383518e-22
-5.0533333333333333333333333333333333,0.99999999991408321880180360812906586,7.5005820363998086939273569976704831e-22
-5.04,0.99999999990146639600538464883157154,9.1813197186440089750228300400733939e-22
-5.0266666666666666666666666666666667,0.99999999988704555568214193887260636,1.1233773828916746603032438332379721e-21
-5.0133333333333333333333333333333333,0.99999999987057001862875001427994224,1.3739048928191763044879480967878826e-21
-5.0,0.99999999985175503786703583969375156,1.6795699789983625900321722729132626e-21
-4.9866666666666666666666666666666667,0.99999999983027852430713832141550964,2.0523491635576961834773218221686043e-21
-4.9733333333333333333333333333333333,0.99999999980577445951030502942395611,2.5067647856525097337458917434352356e-21
-4.96,0.99999999977782837736154879132929666,3.0604577517042195852456896790587214e-21
-4.9466666666666666666666666666666667,0.9999999997459708417002191583286528,3.734819933253168638651829415223509e-21
-4.9333333333333333333333333333333333,0.99999999970967040313959725631168543,4.5557872253806619670437534839661372e-21
-4.92,0.99999999966832504639525396057498995,5.5548065762336716526977298103546184e-21
-4.9066666666666666666666666666666667,0.99999999962125578110250137155142028,6.7699225435493290503852325356651785e-21
-4.8933333333333333333333333333333333,0.99999999956769308207353063238863602,8.2472464144076495556974985681864872e-21
-4.88,0.99999999950676802648973318432997061,1.0042567577095600652789844308635865e-20
-4.8666666666666666666666666666666667,0.99999999943749919482727124836409663,1.222337357350619122848225934206119e-20
-4.8533333333333333333333333333333333,0.99999999935877862329462039925285055,1.487126615268074544772415224762746e-20
-4.84,0.99999999926935468690703193442281887,1.8084919891749867705556207986155704e-20
-4.8266666666666666666666666666666667,0.99999999916781983653692101244717219,2.1983384379202036769936309258796447e-20
-4.8133333333333333333333333333333333,0.99999999905258312707890308543283277,2.6710565601307389960061297004891561e-20
-4.8,0.99999999892185320219413855020617793,3.2440100494545611569997446666467436e-20
-4.7866666666666666666666666666666667,0.99999999877361244587574961207417109,3.9381466314228920612475614817943457e-20
-4.7733333333333333333333333333333333,0.99999999860558946703406116462654003,4.7787264225332228021490386195538591e-20
-4.76,0.99999999841522543363339994622320042,5.796212174128452159787902034917354e-20
-4.7466666666666666666666666666666667,0.99999999819965116482507272290137704,7.027255992431693586984652882952566e-20
-4.7333333333333333333333333333333333,0.99999999795563234679190067319651384,8.5160440038638540520055560003000692e-20
-4.72,0.99999999767953758689189327718395294,1.0315746262406414920781956379151589e-19
-4.7066666666666666666666666666666667,0.99999999736728829910907323860225736,1.2490333865382904686485327012182531e-19
-4.6933333333333333333333333333333333,0.99999999701430578155358458884248153,1.5116738290647680907546542683354899e-19
-4.68,0.99999999661544614649810128632033566,1.8287485844737535111470340493091251e-19
-4.6666666666666666666666666666666667,0.99999999616495860456667168810313335,2.2113596406953293402606799810010464e-19
-4.6533333333333333333333333333333333,0.99999999565637791697225634714650538,2.6728552237315132299175498308279222e-19
-4.64,0.9999999950824658034245844104075825,3.22925382479705368775464511289981e-19
-4.6266666666666666666666666666666667,0.99999999443511548524174030700976932,3.8997757101340135599544731898304583e-19
-4.6133333333333333333333333333333333,0.9999999937052404918373518502743171,4.7074853184573219911240395953023125e-19
-4.6,0.99999999288270734226290961409260283,5.6799936409032840831510816556447112e-19
-4.5866666666666666666666666666666667,0.99999999195614909994938568134760783,6.8504240432747916299428673829120726e-19
-4.5733333333333333333333333333333333,0.99999999091287005318421309060987617,8.2584358914176307313763733909109102e-19
-4.56,0.99999998973868460473634246820955137,9.9515080647281411676968445003899055e-19
-4.5466666666666666666666666666666667,0.99999998841774990091042746228361333,1.1986454967844744136345073042140773e-18
-4.5333333333333333333333333333333333,0.99999998693235769077411257781502976,1.4431270222024559549183189841376804e-18
-4.52,0.9999999852628180259746608483927245,1.7367126546224464399269099526492347e-18
-4.5066666666666666666666666666666667,0.99999998338710351892193674764986447,2.0891141541244871021879731681426575e-18
-4.4933333333333333333333333333333333,0.99999998128068249548712132221409317,2.5119279455171103581804795047328743e-18
-4.48,0.99999997891622195062299538741633294,3.0189991974637770818442824278179033e-18
-4.4666666666666666666666666666666667,0.99999997626328206178336343227717843,3.6268504013194975483545873045942234e-18
-4.4533333333333333333333333333333333,0.99999997328793333394181406249359754,4.3552017336783807987076437492505684e-18
-4.44,0.9999999699525623351057004040327458,5.2275308020717327310243170511404269e-18
-4.4266666666666666666666666666666667,0.99999996621520325630553275464977676,6.2718517176790771909071065322199158e-18
-4.4133333333333333333333333333333333,0.99999996202925407644138594879216891,7.5215237634734903225736509657847015e-18
-4.4,0.9999999573429385693354572077594718,9.0162669468156201473220357241570829e-18
-4.3866666666666666666666666666666667,0.99999995209875911800175861084329294,1.0803353370019579786259915346175864e-17
-4.3733333333333333333333333333333333,0.99999994623280471366436593649704264,1.2939051495037417399074863567729339e-17
-4.36,0.999999939674439004005920821527914,1.5490166082401120746694910668911554e-17
-4.3466666666666666666666666666666667,0.99999993234506319998369211270846593,1.8536196806354772693866023266612695e-17
-4.3333333333333333333333333333333333,0.99999992415764832825756850098625894,2.2171553593254975715879148890980139e-17
-4.32,0.99999991501577809554494814297390235,2.6508342155746270444627243595269757e-17
-4.3066666666666666666666666666666667,0.9999999048125306755630717342624219,3.1679702335761217310141146021069438e-17
-4.2933333333333333333333333333333333,0.99999989343003239829150698032805794,3.7843340203042920091415793016696773e-17
-4.28,0.99999988073741504001476931881300792,4.5186511557079909705367480411215694e-17
-4.2666666666666666666666666666666667,0.99999986659012590389720583865040832,5.3931085574007387576145712260488695e-17
-4.2533333333333333333333333333333333,0.99999985082840188629250349852596441,6.4339920019023519077953232517761984e-17
-4.24,0.99999983327575339693079167249408681,7.6724292093334713886223499809118179e-17
-4.2266666666666666666666666666666667,0.99999981373700705156470241035489789,9.1452883103463221873686415663539243e-17
-4.2133333333333333333333333333333333,0.99999979199765758380819664972744158,1.089611921707911449261937947446358e-16
-4.2,0.9999997678201893988141430353474867,1.2976493298480136218988572644489689e-16
-4.1866666666666666666666666666666667,0.99999974094301901997067146062609366,1.5447347456008669623137941621407482e-16
-4.1733333333333333333333333333333333,0.99999971107786796124648225402686553,1.8380679569217303952453339310884555e-16
-4.16,0.99999967790719102036966812446878234,2.1861517550746176426794386593166644e-16
-4.1466666666666666666666666666666667,0.99999964108080958240092344080287919,2.5990297087249164352553414340859374e-16
-4.1333333333333333333333333333333333,0.99999960021505050476239390019870206,3.0885327218885829210289855276080425e-16
-4.12,0.99999955488621848785076744479935068,3.6686332775362242958590033588719172e-16
-4.1066666666666666666666666666666667,0.99999950462905947334507382185840494,4.3557960779400336510321310789930622e-16
-4.0933333333333333333333333333333333,0.99999944893231793054287268789599992,5.1694213838107024826757551353149863e-16
-4.08,0.99999938723445959076214018190977626,6.1323580019745890286725937278852732e-16
-4.0666666666666666666666666666666667,0.99999931891798058052514563778973321,7.2715220227078458885317220542395704e-16
-4.0533333333333333333333333333333333,0.99999924330842730634139436795186038,8.6185313711838291746751087262025826e-16
-4.04,0.99999915966297909902754900582717857,1.0210627197335152242069522430439955e-15
-4.0266666666666666666666666666666667,0.99999906716837440609071282801879597,1.2091572840757455290410427999491415e-15
-4.0133333333333333333333333333333333,0.99999896493353100549765592731615803,1.4312793653690030303850785124192165e-15
-4.0,0.99999885198084849723080770060182436,1.6934690918904153031526899358350191e-15
-3.9866666666666666666666666666666667,0.9999987272453765991173822638924242,2.0028224974337924311177872370896072e-15
-3.9733333333333333333333333333333333,0.99999858955681927611765831857576391,2.3676519785355634321727721143411719e-15
-3.96,0.99999843763709201061315049263936457,2.7977220305932854341584641107040008e-15
-3.9466666666666666666666666666666667,0.9999982700892100569225301089025322,3.3044757266698544973369967345747732e-15
-3.9333333333333333333333333333333333,0.99999808538697125842875455229883103,3.9013228374787233296181671763088284e-15
-3.92,0.99999788186071393502296982916120892,4.6039817413699364642106989646704804e-15
-3.9066666666666666666666666666666667,0.99999765769739643915540375935073559,5.4308223652502753507828896034939011e-15
-3.8933333333333333333333333333333333,0.99999741090992830280612871762341574,6.403375451912364201794739240277934e-15
-3.88,0.99999713933472891242722460410375008,7.5468151724359046317407923058300773e-15
-3.8666666666666666666666666666666667,0.99999684061386324670291219813175918,8.8905750821595096051439108803737031e-15
-3.8533333333333333333333333333333333,0.99999651217884299810257268507205359,1.0469053080961222504756816644138113e-14
-3.84,0.99999615122770208599729983389181224,1.232245950580615815750825681749446e-14
-3.8266666666666666666666666666666667,0.99999575472770195190288963096795861,1.4497656479684839893399844716657077e-14
-3.8133333333333333333333333333333333,0.99999531936378579899585417080474695,1.7049422105963332323517852583439426e-14
-3.8,0.99999484153741141984228326949602452,2.0041627647858967710667615647620177e-14
-3.7866666666666666666666666666666667,0.99999431733833459233721385551357257,2.354874671469737793287459977263503e-14
-3.7733333333333333333333333333333333,0.99999374251970711077794355359533034,2.7657575507443091771700235005790775e-14
-3.76,0.9999931124617989420555658901137447,3.2469301075319926341613418082090876e-14
-3.7466666666666666666666666666666667,0.99999242218080808212456128207474235,3.8101518996329980153757720812660028e-14
-3.7333333333333333333333333333333333,0.99999166624340378277190604991767666,4.4691320372482613531370789184502928e-14
-3.72,0.99999083876969524607241029037890258,5.2398112528771060318846018626474321e-14
-3.7066666666666666666666666666666667,0.99998993338943821828390557353554133,6.1407254196071917400196075530498822e-14
-3.6933333333333333333333333333333333,0.999988943204573892865486577555167,7.1934181725502946450197408631523062e-14
-3.68,0.99998786073277530123170150044477435,8.4229367942861828593025468294234533e-14
-3.6666666666666666666666666666666667,0.9999866779289745931385002130407884,9.8583085133923554665494438326312392e-14
-3.6533333333333333333333333333333333,0.99998538604558409004998920576125853,1.1533282018436539603511718637839686e-13
-3.64,0.99998397564536956107422544526169089,1.34869913269212591474912284086356e-13
-3.6266666666666666666666666666666667,0.99998243653464793053071987553825455,1.5764816547195416975567895431542503e-13
-3.6133333333333333333333333333333333,0.99998075768270366162908833638537841,1.8419398283052174728196378558354968e-13
-3.6,0.99997892726272845908132338286313513,2.151159848601626293498189946159683e-13
-3.5866666666666666666666666666666667,0.99997693244332297306177405682383014,2.5112020392033003179661956433766991e-13
-3.5733333333333333333333333333333333,0.99997475941758819119542855354733474,2.9302344677656050258799940782622851e-13
-3.56,0.99997239330937881013085196689501461,3.4177071914258053964868326778903584e-13
-3.5466666666666666666666666666666667,0.99996981809859348137434889817994826,3.9845484496806556997978585976222354e-13
-3.5333333333333333333333333333333333,0.99996701649948576394813543532531013,4.6434003932804619423639679773605446e-13
-3.52,0.99996397004276385686053820875911112,5.4088383737525148263808246099613531e-13
-3.5066666666666666666666666666666667,0.99996065874273648034878925204262087,6.2977252226416612798795723325444639e-13
-3.4933333333333333333333333333333333,0.99995706116240689027353199765584558,7.3295154291717720061589050753339169e-13
-3.48,0.99995315427482630875464563698936818,8.5266549528599194158314383161210595e-13
-3.4666666666666666666666666666666667,0.99994891335778664700404351014008173,9.915029313056745181446205076651348e-13
-3.4533333333333333333333333333333333,0.99994431181294869913821890696857946,1.1524502092477912615072529917340029e-12
-3.44,0.99993932132105421579830643353913435,1.3389406117821752514434094206928459e-12
-3.4266666666666666666666666666666667,0.9999339113174261771850249928593692,1.5549355836596161615528203049746749e-12
-3.4133333333333333333333333333333333,0.99992804912316982869908770342406147,1.8049927145425220694631110290526206e-12
-3.4,0.99992169974342306535691030764106398,2.0943559113597938549101979237249388e-12
-3.3866666666666666666666666666666667,0.99991482572255019082060433926433149,2.4290559720769013476463687031169821e-12
-3.3733333333333333333333333333333333,0.99990738687940660588498745118883586,2.8160315126384920471773151910858942e-12
-3.36,0.99989934058773362276725590396053743,3.2632369136254713582096332958724055e-12
-3.3466666666666666666666666666666667,0.99989064096027814590514522585963868,3.7798255837228124613236266901155258e-12
-3.3333333333333333333333333333333333,0.99988123909580803379279430873669896,4.3762990942301391353626553002457781e-12
-3.32,0.99987108279009176466237237557066781,5.0647070697878025985139632200550778e-12
-3.3066666666666666666666666666666667,0.99986011617635304095573886559043302,5.8588813989252426980545720007582646e-12
-3.2933333333333333333333333333333333,0.99984828017121145489914353835971741,6.7746412455840031871273136257560808e-12
-3.28,0.99983551130715026324796696280677703,7.8301495839773251059482501789974921e-12
-3.2666666666666666666666666666666667,0.99982174213501829209615129321640728,9.0461960989074087168827791178551923e-12
-3.2533333333333333333333333333333333,0.99980690083848812805215911836780131,1.0446580142958406237583011309739254e-11
-3.24,0.99979091099167645488991473615398764,1.2058533858295326861612595132812732e-11
-3.2266666666666666666666666666666667,0.99977369104673453292982633926920001,1.3913231810234259135200509808111078e-11
-3.2133333333333333333333333333333333,0.99975515508900945340916217949462654,1.604622573567059837634456601248341e-11
-3.2,0.99973521106306090612372358953589347,1.849822520578993662899203507098961e-11
-3.1866666666666666666666666666666667,0.99971376146896096464353410290650648,2.1315696972840083121919326316142607e-11
-3.1733333333333333333333333333333333,0.99969070282447861745724543763468962,2.4551687347098845308758536979338254e-11
-3.16,0.99966592535692796858487551674327759,2.826672582985472020760379356808624e-11
-3.1466666666666666666666666666666667,0.99963931228272321509839408330240424,3.2529915106361969281884860497556664e-11
-3.1333333333333333333333333333333333,0.99961074104922525714202619325381612,3.7419834666849553205762161544202938e-11
-3.12,0.99958008067349370575800163435731876,4.3026222663249485375052885124534307e-11
-3.1066666666666666666666666666666667,0.99954719290532798124003488111440735,4.945122119930868638109440888098999e-11
-3.0933333333333333333333333333333333,0.99951193148680453603151769764588647,5.6811111873286543789122409329365584e-11
-3.08,0.99947414177289891910883458405780083,6.5238211745091237202726257248430672e-11
-3.0666666666666666666666666666666667,0.99943365973135002839710580939562394,7.4883164665605824990131052949032811e-11
-3.0533333333333333333333333333333333,0.99939031393106759748741740323324501,8.5916781198196390984496258672057023e-11
-3.04,0.99934392160055613840930246538191119,9.8533603994615350281990564804215557e-11
-3.0266666666666666666666666666666667,0.99929429051191670532816710885892667,0.0000000001129544443178580602409557257400515
-3.0133333333333333333333333333333333,0.99924121797345470978610128070659965,0.00000000012942998137124998483361988095130607
-3.0,0.99918448952702685030018206975628417,0.00000000014824467018847029432159495032392699
-2.9866666666666666666666666666666667,0.9991238818362610602181083333193171,0.00000000016972147569286167769805249780482008
-2.9733333333333333333333333333333333,0.99905915727193913546301958041176211,0.00000000019422554048969496968960600458969199
-2.96,0.9989900666691325399811242938852341,0.00000000022217162263845120778426543945005271
-2.9466666666666666666666666666666667,0.99891634803577176344360732465800215,0.0000000002540291582997808407849093312678872
-2.9333333333333333333333333333333333,0.99883772604859967716142235410855951,0.00000000029032959686040274280187667553728816
-2.92,0.99875391028239784712771301870838505,0.000000000331674953604746038538572139601849
-2.9066666666666666666666666666666667,0.99866459963442866158860327761080184,0.00000000037874421889749862756214184049617059
-2.8933333333333333333333333333333333,0.99856947449181724110243069531565872,0.00000000043230691792646936672492609272485145
-2.88,0.99846820098493510924127236276475113,0.00000000049323197351026681478359148225499702
-2.8666666666666666666666666666666667,0.99836042926237616612484197046752539,0.00000000056250080517272875074946548493174177
-2.8533333333333333333333333333333333,0.99824579293940091722126538464472856,0.00000000064122137670537959986071155352495714
-2.84,0.99812390671514655577174222040623916,0.00000000073064531309296806469074324973192084
-2.8266666666666666666666666666666667,0.99799437300096716288331808911160969,0.00000000083218016346307898666638991244891149
-2.8133333333333333333333333333333333,0.99785677073650185135278423147816599,0.00000000094741687292109691368072933212407117
-2.8,0.99771066179618383962252157723250527,0.0000000010781467978058614489073841587229694
-2.7866666666666666666666666666666667,0.99755558870345057729322756956093648,0.0000000012263875541242503870393910249032922
-2.7733333333333333333333333333333333,0.99739107406274088574575510646855481,0.0000000013944105329659388344870220669374795
-2.76,0.99721661738279472950622436387114662,0.0000000015847745663666000528903616937630485
-2.7466666666666666666666666666666667,0.99703170479707015648568867056379321,0.0000000018003488351749272762121850672478007
-2.7333333333333333333333333333333333,0.99683579330326065756610475287144152,0.0000000020443676532080993259170482571027769
-2.72,0.99662832019754588296178746139975916,0.0000000023204624131081067219296091721309908
-2.7066666666666666666666666666666667,0.9964087000659343016171920464790871,0.0000000026327117008909267605113047402279845
-2.6933333333333333333333333333333333,0.99617632424645010157285541682708069,0.0000000029856942184464154102710805727897428
-2.68,0.99593055662990707307350390079380837,0.0000000033845538535018987127932264434425819
-2.6666666666666666666666666666666667,0.99567074762480957480412302817745012,0.0000000038350413954333283110104287487120937
-2.6533333333333333333333333333333333,0.99539621224139746928739665633053997,0.0000000043436220830277436519670567545439948
-2.64,0.9951062436891392074388338404084661,0.0000000049175341965754155887059796185631496
-2.6266666666666666666666666666666667,0.99480010943852413496562827481380344,0.0000000055648845147582596921037927782183263
-2.6133333333333333333333333333333333,0.99447704595443534690992662032776715,0.0000000062947595081626481488392450131780647
-2.6,0.99413627729777179677814877062516892,0.0000000071172926577370903850209592729080444
-2.5866666666666666666666666666666667,0.99377698657518035687619902001854899,0.0000000080438509000506143177659542694381045
-2.5733333333333333333333333333333333,0.99339833408987279602320641672279127,0.0000000090871299468157869085036859490975322
-2.56,0.99299945243073335900646533363230155,0.000000010261315395263657530904010737238816
-2.5466666666666666666666666666666667,0.99257944616340865953741609405640908,0.000000011582250099089572536829948764663952
-2.5333333333333333333333333333333333,0.99213738496646260749371265828984385,0.000000013067642309225887421298532338269875
-2.52,0.99167232940871304632956209129736153,0.00000001473718197402533915072083759069932
-2.5066666666666666666666666666666667,0.99118329222488405067549323072304165,0.000000016612896481078063251463697667307534
-2.4933333333333333333333333333333333,0.99066926351958873981502697858604285,0.00000001871931750451287867689946895406989
-2.48,0.99012920439237635090190637500122559,0.000000021083778049377004611697229157666785
-2.4666666666666666666666666666666667,0.98956204687134220641175485232283967,0.000000023736717938216636566836383653875145
-2.4533333333333333333333333333333333,0.98896668503337660845888382929811359,0.000000026712066666058185936619964572824973
-2.44,0.98834201005447583924689415415820142,0.000000030047437664894299595080816290197737
-2.4266666666666666666666666666666667,0.9876868584094946014813380595665217,0.000000033784796743694467244463785364864224
-2.4133333333333333333333333333333333,0.98700004619805118709935361065472815,0.000000037970745923558614050321393195797944
-2.4,0.98628036090445040337544218526206763,0.0000000426570614306645427913540902957329
-2.3866666666666666666666666666666667,0.98552656166385356214563835415594381,0.00000004790124088199824138827026918596449
-2.3733333333333333333333333333333333,0.98473736785984240955578953394564081,0.000000053767195286335634062616519457074964
-2.36,0.98391150590824160022505872209884761,0.000000060325560995994079177585648126291753
-2.3466666666666666666666666666666667,0.98304764093511798590828759198863851,0.000000067654936800016307886405096168582144
-2.3333333333333333333333333333333333,0.98214442265290940398829961953528058,0.000000075842351671742431498127303152053713
-2.32,0.98120047475949625853557013321804098,0.000000084984221904455051856139659784140292
-2.3066666666666666666666666666666667,0.98021438097714132350282901086210515,0.00000009518746932443692826485114019743325
-2.2933333333333333333333333333333333,0.97918474374289432829543346710222849,0.00000010656996760170849301878550415448657
-2.28,0.97811009909291101955674335336843694,0.00000011926258495998523068030055419204562
-2.2666666666666666666666666666666667,0.97698897426594726576800343802535093,0.00000013340987409610279416046315379457081
-2.2533333333333333333333333333333333,0.97581987468048290250056280615914641,0.00000014917159811370749650058759769036716
-2.24,0.97460128501542832035451931433563142,0.00000016672424660306920832661947530467609
-2.2266666666666666666666666666666667,0.97333165154485565476799512204907241,0.00000018626299294843529758875866420628324
-2.2133333333333333333333333333333333,0.97200945792961420438378087864940663,0.00000020800234241619180334938612054635528
-2.2,0.97063311587755466546050917453051213,0.00000023217981060118585696376607541380687
-2.1866666666666666666666666666666667,0.96920103960092812460922920479294053,0.0000002590569809800293285384874684444012
-2.1733333333333333333333333333333333,0.96771162924570610234801496637788635,0.0000002889221320387535177450866965950205
-2.16,0.96616327248396722090781993558620391,0.00000032209280897963033187464477978297887
-2.1466666666666666666666666666666667,0.96455432236193452019598117469603153,0.00000035891919041759907655831068289440245
-2.1333333333333333333333333333333333,0.962883193470623015496330605696109,0.00000039978494949523760609891486006286002
-2.12,0.96114822353606672807938210646456885,0.00000044511378151214923255431421142445656
-2.1066666666666666666666666666666667,0.95934776797554654145409460236042338,0.00000049537094052665492617725515716006173
-2.0933333333333333333333333333333333,0.95748017897652014373141158603454991,0.00000055106768206945712731121756221001127
-2.08,0.95554380759592114794864583145268606,0.00000061276554040923785981720378583870841
-2.0666666666666666666666666666666667,0.95353697625517896232359779553349335,0.00000068108201941947485436132382891175293
-2.0533333333333333333333333333333333,0.95145809867710091533450315596952028,0.00000075669157269365860563116170173164789
-2.04,0.94930550726697327941522397566142108,0.00000084033702090097245099328638352322467
-2.0266666666666666666666666666666667,0.94707757112820258472445845877020237,0.0000009328316255939092871710947661587097
-2.0133333333333333333333333333333333,0.94477266989202628111694316866431419,0.0000010350664689945023440717974040827838
-2.0,0.94238916104646637634649550746667788,0.0000011480174270614730749904197468240491
-1.9866666666666666666666666666666667,0.93992552224161719684363627474947793,0.0000012727546234008826177352211379166352
-1.9733333333333333333333333333333333,0.93738014616242799660197125642362764,0.0000014104431807238823416805377981900749
-1.96,0.93475148064454928604447363586036849,0.0000015623629079893868495064741975151936
-1.9466666666666666666666666666666667,0.93203799739181407093101832946241096,0.0000017299107899430774698902110299263369
-1.9333333333333333333333333333333333,0.92923819480611352149613977472266148,0.0000019146130287415712454468147310733709
-1.92,0.92635055825041447361883992877807699,0.0000021181392860649770301699523532063337
-1.9066666666666666666666666666666667,0.92337373209466548035703269736263797,0.0000023423026035608445962397628265278556
-1.8933333333333333333333333333333333,0.92030627089988548253522651044713315,0.000002589090071697193871281490146355115
-1.88,0.91714680895139746284883307991779552,0.0000028606652710875727753950098120594666
-1.8666666666666666666666666666666667,0.91389402192905200182188261168086486,0.0000031593861367532970878009818029341608
-1.8533333333333333333333333333333333,0.91054662991704173377271304741392385,0.0000034878211570018974273140415085067987
-1.84,0.90710334968054504377564007303586034,0.000003848772297914002700165221749881501
-1.8266666666666666666666666666666667,0.90356309923998314813012926146217698,0.0000042452722980480971103681456034965418
-1.8133333333333333333333333333333333,0.89992470067286047020132980764719102,0.0000046806362142010041458283088151335746
-1.8,0.89618708186992550678419837156224982,0.0000051584625885801577167296175376014965
-1.7866666666666666666666666666666667,0.89234923018438543436854464342022773,0.0000056826616654076627861435999895441112
-1.7733333333333333333333333333333333,0.88841019539743517705025672356477356,0.0000062574802928892220564455182317436336
-1.76,0.88436903317672618801301453649680788,0.0000068875382010579444341089998174109583
-1.7466666666666666666666666666666667,0.8802250443695780440412212109244805,0.0000075778191919178754387170388197521085
-1.7333333333333333333333333333333333,0.87597742549214685734452677306551532,0.000008333756596217228093949195885461279
-1.72,0.87162550494124103899345827871571046,0.0000091612303047539275897087346595262296
-1.7066666666666666666666666666666667,0.86716868773918282117514000639903658,0.000010066610561781716094425578020775896
-1.6933333333333333333333333333333333,0.86260645819445946989791769705275652,0.000011056795426107134513421558395129477
-1.68,0.8579383138729809121279194643260004,0.000012139267224698768298498668787758965
-1.6666666666666666666666666666666667,0.85316404099888102438648060698822835,0.00001332207102540686149978607277368489
-1.6533333333333333333333333333333333,0.848283309821408746459242914778084,0.000014613954415909950010793352303593481
-1.64,0.84329594673985043778971256922562113,0.000016024354630438925774553851871209314
-1.6266666666666666666666666666666667,0.83820186943072389820900184637334757,0.000017563465352069469280123575307539319
-1.6133333333333333333333333333333333,0.83300101257342546439754688337520087,0.000019242317296338370911662728183697037
-1.6,0.82769363369522406785868354710539982,0.000021072737271540918676616250426970749
-1.5866666666666666666666666666666667,0.82227986150462037372702083497860522,0.000023067556677026938225942289731980422
-1.5733333333333333333333333333333333,0.81675999837025909784757460470318574,0.000025240582411808804571445566227372477
-1.56,0.81113444706851454579408249504265879,0.000027606690621189869148032218547484263
-1.5466666666666666666666666666666667,0.80540371219037954208645111040003253,0.000030181901406518625651100933613861892
-1.5333333333333333333333333333333333,0.79956831583294618323927903520705422,0.000032983500514236051864563788251971979
-1.52,0.79362913943235564435653938813186979,0.000036029957236143139461790354450971109
-1.5066666666666666666666666666666667,0.78758691584844524332658996957445556,0.000039341257263519651210747070941246357
-1.4933333333333333333333333333333333,0.78144256783048512623649892316714712,0.000042938837593109726468001457716534933
-1.48,0.77519712455239056217436184342386834,0.000046845725173691245354362124193915345
-1.4666666666666666666666666666666667,0.76885172201465752242307352298207918,0.00005108664221335299595648897348038224
-1.4533333333333333333333333333333333,0.76240750889977128171753698534113491,0.000055688187051300861781092144982634002
-1.44,0.75586602265205080812016345515718348,0.000060678678945784201693565574427769664
-1.4266666666666666666666666666666667,0.74922862737652938778885724064433672,0.000066088682573822814975006254192909677
-1.4133333333333333333333333333333333,0.74249688668486270202548457566805218,0.00007195087683017130091229568950063172
-1.4,0.7356724702123590242040666478970876,0.000078300256576934643089691472498148843
-1.3866666666666666666666666666666667,0.72875715287704427997202432443858127,0.000085174277449809179395659849230625208
-1.3733333333333333333333333333333333,0.72175271151022789629949844976275469,0.00009261312059339411501254792472623711
-1.36,0.71466133219598528219950541434906625,0.00010065941226637723274409515302468064
-1.3466666666666666666666666666666667,0.70748499813059629165350215177033133,0.00010935903972185409485477325392341444
-1.3333333333333333333333333333333333,0.70022589400617485660802646305022605,0.00011876090419196620720569037686313417
-1.32,0.69288630313153020559909734067335729,0.00012891720990823533762762354289430999
-1.3066666666666666666666666666666667,0.68546849715296078152223471220909086,0.00013988382364695904426113352312907244
-1.2933333333333333333333333333333333,0.67797516628635571300080254070359488,0.00015171982878854510085646075384469879
-1.28,0.67040877015032042232301768061343447,0.00016448869284973675203303630678508161
-1.2666666666666666666666666666666667,0.66277196538491025238757215800077365,0.00017825786498170790384870589715481493
-1.2533333333333333333333333333333333,0.655067495736313418378191197301177,0.00019309916151187194784088074576081294
-1.24,0.64729818920189500895498256224696285,0.00020908900832354511008526295957446339
-1.2266666666666666666666666666666667,0.63946684075388494660716274043644954,0.00022630895326546707017365984436207079
-1.2133333333333333333333333333333333,0.63157666529328884103845745001834095,0.0002448449109905465908378196189355755
-1.2,0.62363061135505932663326200140125657,0.00026478893693909387627640957766862515
-1.1866666666666666666666666666666667,0.61563181198282768042196773842056204,0.0002862385310390353564658962070556109
-1.1733333333333333333333333333333333,0.60758346768975795270966385875306476,0.00030929717552138254275456147887249665
-1.16,0.59948884264399172926939911311734818,0.0003340746430720314151244823702845119
-1.1466666666666666666666666666666667,0.59135114215867499321305958404609997,0.0003606877172767849016059158111578852
-1.1333333333333333333333333333333333,0.58317398229920018084266651279607345,0.00038925895077474285797380585974600115
-1.12,0.57496067603032150029824141555549996,0.00041991932650629424199836475624333471
-1.1066666666666666666666666666666667,0.56671470139154177003951774554382717,0.00045280709467201875996511799915477048
-1.0933333333333333333333333333333333,0.55843957912500586843938234050733766,0.00048806851319546396848230146767563225
-1.08,0.55013886816969707037879761531558189,0.00052585822710108089116541505576126118
-1.0666666666666666666666666666666667,0.54181603997614060632702268689597889,0.00056634026864997160289418971793817052
-1.0533333333333333333333333333333333,0.53347495798736479169826500679417824,0.0006096860689324025125825958803170795
-1.04,0.52511914711110351731854657084082856,0.00065607839944386159069753373165089675
-1.0266666666666666666666666666666667,0.51675227249686897173123627425435479,0.00070570948808329467183289025463544927
-1.0133333333333333333333333333333333,0.50837801391110074253832715981663961,0.00075878202654529021389871840696245552
-1.0,0.49999993911720166952357064626662965,0.00081550962091639617290235738796816204
-0.98666666666666666666666666666666666,0.49162198608889925746167283929692247,0.00087611816373893978189166579424501858
-0.97333333333333333333333333333333333,0.48324772750313102826876372485920732,0.0009408427280608645369804187017999954
-0.96,0.47488085288889648268145342827273356,0.0010099333308674600188757052283280144
-0.94666666666666666666666666666666666,0.46652504201263520830173499231938388,0.0010836519642282365563926744555599629
-0.93333333333333333333333333333333333,0.45818396002385939367297731221758323,0.0011622739514003228385776450050025915
-0.92,0.44986113183030292962120238379798023,0.0012460897176021528722869804051770615
-0.90666666666666666666666666666666667,0.44156042087499413156061765860622445,0.0013354003655713384113967215027602644
-0.89333333333333333333333333333333333,0.43328529860845822996048225356973494,0.0014305255081827588975693037979033716
-0.88,0.42503932396967849970175858355806216,0.0015317990150648907587276363488109928
-0.86666666666666666666666666666666667,0.41682601770079981915733348631748863,0.0016395707376238338751580286460367218
-0.85333333333333333333333333333333333,0.40864885784132500678694041506746214,0.0017542070605990827787346144688335339
-0.84,0.40051115735600827073060088599621389,0.0018760932848534442282577787073229601
-0.82666666666666666666666666666666667,0.39241653231024204729033614036049735,0.0020056269990328371166819100019524095
-0.81333333333333333333333333333333333,0.38436818801717231957803226069300007,0.0021432292634981486472157676353961215
-0.8,0.3763693886449406733667379977123055,0.0022893382038161603774784218810568431
-0.78666666666666666666666666666666667,0.36842333470671115896154254909522116,0.0024444112965494227067724295526256219
-0.77333333333333333333333333333333333,0.36053315924611505339283725867711257,0.0026089259372591142542448926450073256
-0.76,0.35270181079810499104501743686659926,0.0027833826172052704937756352424154831
-0.74666666666666666666666666666666667,0.34493250426368658162180880181238512,0.0029682952029298435143113285497688723
-0.73333333333333333333333333333333333,0.33722803461508974761242784111278846,0.003164206696739342433895246242120612
-0.72,0.32959122984967957767698231850012761,0.0033716798024541170382125377138029347
-0.70666666666666666666666666666666667,0.32202483371364428699919745840996724,0.0035912999340656983828079526344749855
-0.69333333333333333333333333333333333,0.31453150284703921847776528690447126,0.0038236757535498984271445822864814344
-0.68,0.30711369686846979440090265844020483,0.0040694433700929269264960983197537214
-0.66666666666666666666666666666666666,0.29977410599382514339197353606333606,0.0043292523751904251958769709361119975
-0.65333333333333333333333333333333334,0.29251500186940370834649784734323075,0.004603787758602530712603342783022139
-0.64,0.28533866780401471780049458476449587,0.0048937563108607925611661587050960006
-0.62666666666666666666666666666666666,0.27824728848977210370050154935080743,0.0051998905614758650343717242997586961
-0.61333333333333333333333333333333333,0.27124284712295572002797567467498085,0.0055229540455646530900733787857949554
-0.6,0.26432752978764097579593335121647452,0.0058637227022282032218512284883931668
-0.58666666666666666666666666666666666,0.25750311331513729797451542344550993,0.0062230134248196431238009790950131274
-0.57333333333333333333333333333333333,0.2507713726234706122111427584692254,0.0066016659101272039767935823907708334
-0.56,0.24413397734794919187983654395637864,0.0070005475692666409935346654812605436
-0.54666666666666666666666666666666667,0.23759249110022871828246301377242721,0.0074205538365913404625839050571530318
-0.53333333333333333333333333333333333,0.23114827798534247757692647613148293,0.0078626150335373925062873408237182428
-0.52,0.22480287544760943782563815568969378,0.0083276705912869536704379078162005947
-0.50666666666666666666666666666666667,0.21855743216951487376350107594641495,0.0088167077751159493245067683905204618
-0.49333333333333333333333333333333333,0.21241308415155475667341002953910656,0.0093307364804112601849730205275192506
-0.48,0.20637086056764435564346061098169233,0.0098707956076236490980936241123365432
-0.46666666666666666666666666666666667,0.20043168416705381676072096390650789,0.01043795312865779358824514679072245
-0.45333333333333333333333333333333333,0.19459628780962045791354888871352958,0.011033314966623391541116169815448503
-0.44,0.18886555293148545420591750407090333,0.011657989945524160753105844955360691
-0.42666666666666666666666666666666667,0.18324000162974090215242539441037638,0.0123131415905053985186619395470404
-0.41333333333333333333333333333333333,0.1777201384953796262729791641349569,0.012999953801948812900646388458833944
-0.4,0.1723063663047759321413164520081623,0.013719639095549596624557813851494494
-0.38666666666666666666666666666666667,0.1669989874265745356024531157383612,0.014473438336146437854361644957618298
-0.37333333333333333333333333333333333,0.16179813056927610179099815274021454,0.015262632140157590444210465167921315
-0.36,0.15670405326014956221028742988794094,0.016088494091758399774941277014714503
-0.34666666666666666666666666666666666,0.15171669017859125354075708433547811,0.016952359064882014091712407124923575
-0.33333333333333333333333333333333334,0.14683595900111897561351939212533377,0.017855577347090596011700379578281542
-0.32,0.14206168612701908787208053478756166,0.018799525240503741464429865895521129
-0.30666666666666666666666666666666666,0.13739354180554053010208230206080559,0.019785619022858676497170988251456934
-0.29333333333333333333333333333333333,0.13283131226081717882485999271452554,0.020815256257105671704566532011333624
-0.28,0.12837449505875896100654172039785165,0.021889900907088980443256645745125161
-0.26666666666666666666666666666666666,0.12402257450785314265547322604804679,0.023011025734052734231996561088211156
-0.25333333333333333333333333333333333,0.11977495563042195595877878818908161,0.024180125319517097499437192954415714
-0.24,0.11563096682327381198698546261675419,0.025398714984571679645480684777930682
-0.22666666666666666666666666666666667,0.11158980460256482294974327554878855,0.026668348455144345232004877064489711
-0.21333333333333333333333333333333333,0.10765076981561456563145535569333433,0.027990542070385795616219120464155475
-0.2,0.10381291813007449321580162755131229,0.029366884122445334539490824583049954
-0.18666666666666666666666666666666667,0.10007529932713952979867019146637109,0.030798960399071875390770794320621586
-0.17333333333333333333333333333333333,0.096436900760016851869870737651385092,0.032288370754293897651985032735675761
-0.16,0.092896650319454956224359926077701775,0.033836727516032779092180063527358187
-0.14666666666666666666666666666666667,0.089453370082958266227286951699638272,0.035445677638065479804018824417530594
-0.13333333333333333333333333333333333,0.086105978070947998178117387432697241,0.037116806529376984503669393417453109
-0.12,0.082853191048602537151166919195766591,0.038851776463933271920617892648993236
-0.10666666666666666666666666666666667,0.079693729100114517464773488666428973,0.040652232024453458545905396753138735
-0.093333333333333333333333333333333331,0.07662626790533451964296730175092412,0.042519821023479856268588413079012184
-0.080000000000000000000000000000000001,0.073649441749585526381160070335485124,0.044456192404078852051354167660876024
-0.066666666666666666666666666666666666,0.070761805193886478503860224390900609,0.046463023744821037676402203580068762
-0.05333333333333333333333333333333333,0.067962002608185929068981669651151141,0.048541901322899084665496843144041807
-0.040000000000000000000000000000000001,0.06524851935545071395552636325319363,0.05069449273302672058477602345214105
-0.026666666666666666666666666666666665,0.062619853837572003398028742689934444,0.052922428871797415275541540343359745
-0.01333333333333333333333333333333333,0.060074477758382803156363724364084174,0.05522733010797371888305683044924791
0.0,0.057610803735867587627048514689056389,0.057610803735867587627048514689056389
0.013333333333333333333333333333333336,0.05522733010797371888305683044924791,0.060074477758382803156363724364084174
0.026666666666666666666666666666666665,0.052922428871797415275541540343359745,0.062619853837572003398028742689934444
0.040000000000000000000000000000000001,0.05069449273302672058477602345214105,0.06524851935545071395552636325319363
0.053333333333333333333333333333333336,0.048541901322899084665496843144041807,0.067962002608185929068981669651151141
0.066666666666666666666666666666666666,0.046463023744821037676402203580068762,0.070761805193886478503860224390900609
0.080000000000000000000000000000000001,0.044456192404078852051354167660876024,0.073649441749585526381160070335485124
0.093333333333333333333333333333333337,0.042519821023479856268588413079012184,0.07662626790533451964296730175092412
0.10666666666666666666666666666666667,0.040652232024453458545905396753138735,0.079693729100114517464773488666428973
0.12,0.038851776463933271920617892648993236,0.082853191048602537151166919195766591
0.13333333333333333333333333333333333,0.037116806529376984503669393417453109,0.086105978070947998178117387432697241
0.14666666666666666666666666666666667,0.035445677638065479804018824417530594,0.089453370082958266227286951699638272
0.16,0.033836727516032779092180063527358187,0.092896650319454956224359926077701775
0.17333333333333333333333333333333333,0.032288370754293897651985032735675761,0.096436900760016851869870737651385092
0.18666666666666666666666666666666667,0.030798960399071875390770794320621586,0.10007529932713952979867019146637109
0.2,0.029366884122445334539490824583049954,0.10381291813007449321580162755131229
0.21333333333333333333333333333333333,0.027990542070385795616219120464155475,0.10765076981561456563145535569333433
0.22666666666666666666666666666666667,0.026668348455144345232004877064489711,0.11158980460256482294974327554878855
0.24,0.025398714984571679645480684777930682,0.11563096682327381198698546261675419
0.25333333333333333333333333333333333,0.024180125319517097499437192954415714,0.11977495563042195595877878818908161
0.26666666666666666666666666666666667,0.023011025734052734231996561088211156,0.12402257450785314265547322604804679
0.28,0.021889900907088980443256645745125161,0.12837449505875896100654172039785165
0.29333333333333333333333333333333333,0.020815256257105671704566532011333624,0.13283131226081717882485999271452554
0.30666666666666666666666666666666667,0.019785619022858676497170988251456934,0.13739354180554053010208230206080559
0.32,0.018799525240503741464429865895521129,0.14206168612701908787208053478756166
0.33333333333333333333333333333333334,0.017855577347090596011700379578281542,0.14683595900111897561351939212533377
0.34666666666666666666666666666666666,0.016952359064882014091712407124923575,0.15171669017859125354075708433547811
0.36,0.016088494091758399774941277014714503,0.15670405326014956221028742988794094
0.37333333333333333333333333333333334,0.015262632140157590444210465167921315,0.16179813056927610179099815274021454
0.38666666666666666666666666666666667,0.014473438336146437854361644957618298,0.1669989874265745356024531157383612
0.4,0.013719639095549596624557813851494494,0.1723063663047759321413164520081623
0.41333333333333333333333333333333334,0.012999953801948812900646388458833944,0.1777201384953796262729791641349569
0.42666666666666666666666666666666667,0.0123131415905053985186619395470404,0.18324000162974090215242539441037638
0.44,0.011657989945524160753105844955360691,0.18886555293148545420591750407090333
0.45333333333333333333333333333333333,0.011033314966623391541116169815448503,0.19459628780962045791354888871352958
0.46666666666666666666666666666666667,0.01043795312865779358824514679072245,0.20043168416705381676072096390650789
0.48,0.0098707956076236490980936241123365432,0.20637086056764435564346061098169233
0.49333333333333333333333333333333333,0.0093307364804112601849730205275192506,0.21241308415155475667341002953910656
0.50666666666666666666666666666666667,0.0088167077751159493245067683905204618,0.21855743216951487376350107594641495
0.52,0.0083276705912869536704379078162005947,0.22480287544760943782563815568969378
0.53333333333333333333333333333333333,0.0078626150335373925062873408237182428,0.23114827798534247757692647613148293
0.54666666666666666666666666666666667,0.0074205538365913404625839050571530318,0.23759249110022871828246301377242721
0.56,0.0070005475692666409935346654812605436,0.24413397734794919187983654395637864
0.57333333333333333333333333333333333,0.0066016659101272039767935823907708334,0.2507713726234706122111427584692254
0.58666666666666666666666666666666667,0.0062230134248196431238009790950131274,0.25750311331513729797451542344550993
0.6,0.0058637227022282032218512284883931668,0.26432752978764097579593335121647452
0.61333333333333333333333333333333333,0.0055229540455646530900733787857949554,0.27124284712295572002797567467498085
0.62666666666666666666666666666666667,0.0051998905614758650343717242997586961,0.27824728848977210370050154935080743
0.64,0.0048937563108607925611661587050960006,0.28533866780401471780049458476449587
0.65333333333333333333333333333333334,0.004603787758602530712603342783022139,0.29251500186940370834649784734323075
0.66666666666666666666666666666666666,0.0043292523751904251958769709361119975,0.29977410599382514339197353606333606
0.68,0.0040694433700929269264960983197537214,0.30711369686846979440090265844020483
0.69333333333333333333333333333333334,0.0038236757535498984271445822864814344,0.31453150284703921847776528690447126
0.70666666666666666666666666666666667,0.0035912999340656983828079526344749855,0.32202483371364428699919745840996724
0.72,0.0033716798024541170382125377138029347,0.32959122984967957767698231850012761
0.73333333333333333333333333333333334,0.003164206696739342433895246242120612,0.33722803461508974761242784111278846
0.74666666666666666666666666666666667,0.0029682952029298435143113285497688723,0.34493250426368658162180880181238512
0.76,0.0027833826172052704937756352424154831,0.35270181079810499104501743686659926
0.77333333333333333333333333333333333,0.0026089259372591142542448926450073256,0.36053315924611505339283725867711257
0.78666666666666666666666666666666667,0.0024444112965494227067724295526256219,0.36842333470671115896154254909522116
0.8,0.0022893382038161603774784218810568431,0.3763693886449406733667379977123055
0.81333333333333333333333333333333333,0.0021432292634981486472157676353961215,0.38436818801717231957803226069300007
0.82666666666666666666666666666666667,0.0020056269990328371166819100019524095,0.39241653231024204729033614036049735
0.84,0.0018760932848534442282577787073229601,0.40051115735600827073060088599621389
0.85333333333333333333333333333333333,0.0017542070605990827787346144688335339,0.40864885784132500678694041506746214
0.86666666666666666666666666666666667,0.0016395707376238338751580286460367218,0.41682601770079981915733348631748863
0.88,0.0015317990150648907587276363488109928,0.42503932396967849970175858355806216
0.89333333333333333333333333333333333,0.0014305255081827588975693037979033716,0.43328529860845822996048225356973494
0.90666666666666666666666666666666667,0.0013354003655713384113967215027602644,0.44156042087499413156061765860622445
0.92,0.0012460897176021528722869804051770615,0.44986113183030292962120238379798023
0.93333333333333333333333333333333333,0.0011622739514003228385776450050025915,0.45818396002385939367297731221758323
0.94666666666666666666666666666666667,0.0010836519642282365563926744555599629,0.46652504201263520830173499231938388
0.96,0.0010099333308674600188757052283280144,0.47488085288889648268145342827273356
0.97333333333333333333333333333333333,0.0009408427280608645369804187017999954,0.48324772750313102826876372485920732
0.98666666666666666666666666666666667,0.00087611816373893978189166579424501858,0.49162198608889925746167283929692247
1.0,0.00081550962091639617290235738796816204,0.49999993911720166952357064626662965
1.0133333333333333333333333333333333,0.00075878202654529021389871840696245552,0.50837801391110074253832715981663961
1.0266666666666666666666666666666667,0.00070570948808329467183289025463544927,0.51675227249686897173123627425435479
1.04,0.00065607839944386159069753373165089675,0.52511914711110351731854657084082856
1.0533333333333333333333333333333333,0.0006096860689324025125825958803170795,0.53347495798736479169826500679417824
1.0666666666666666666666666666666667,0.00056634026864997160289418971793817052,0.54181603997614060632702268689597889
1.08,0.00052585822710108089116541505576126118,0.55013886816969707037879761531558189
1.0933333333333333333333333333333333,0.00048806851319546396848230146767563225,0.55843957912500586843938234050733766
1.1066666666666666666666666666666667,0.00045280709467201875996511799915477048,0.56671470139154177003951774554382717
1.12,0.00041991932650629424199836475624333471,0.57496067603032150029824141555549996
1.1333333333333333333333333333333333,0.00038925895077474285797380585974600115,0.58317398229920018084266651279607345
1.1466666666666666666666666666666667,0.0003606877172767849016059158111578852,0.59135114215867499321305958404609997
1.16,0.0003340746430720314151244823702845119,0.59948884264399172926939911311734818
1.1733333333333333333333333333333333,0.00030929717552138254275456147887249665,0.60758346768975795270966385875306476
1.1866666666666666666666666666666667,0.0002862385310390353564658962070556109,0.61563181198282768042196773842056204
1.2,0.00026478893693909387627640957766862515,0.62363061135505932663326200140125657
1.2133333333333333333333333333333333,0.0002448449109905465908378196189355755,0.63157666529328884103845745001834095
1.2266666666666666666666666666666667,0.00022630895326546707017365984436207079,0.63946684075388494660716274043644954
1.24,0.00020908900832354511008526295957446339,0.64729818920189500895498256224696285
1.2533333333333333333333333333333333,0.00019309916151187194784088074576081294,0.655067495736313418378191197301177
1.2666666666666666666666666666666667,0.00017825786498170790384870589715481493,0.66277196538491025238757215800077365
1.28,0.00016448869284973675203303630678508161,0.67040877015032042232301768061343447
1.2933333333333333333333333333333333,0.00015171982878854510085646075384469879,0.67797516628635571300080254070359488
1.3066666666666666666666666666666667,0.00013988382364695904426113352312907244,0.68546849715296078152223471220909086
1.32,0.00012891720990823533762762354289430999,0.69288630313153020559909734067335729
1.3333333333333333333333333333333333,0.00011876090419196620720569037686313417,0.70022589400617485660802646305022605
1.3466666666666666666666666666666667,0.00010935903972185409485477325392341444,0.70748499813059629165350215177033133
1.36,0.00010065941226637723274409515302468064,0.71466133219598528219950541434906625
1.3733333333333333333333333333333333,0.00009261312059339411501254792472623711,0.72175271151022789629949844976275469
1.3866666666666666666666666666666667,0.000085174277449809179395659849230625208,0.72875715287704427997202432443858127
1.4,0.000078300256576934643089691472498148843,0.7356724702123590242040666478970876
1.4133333333333333333333333333333333,0.00007195087683017130091229568950063172,0.74249688668486270202548457566805218
1.4266666666666666666666666666666667,0.000066088682573822814975006254192909677,0.74922862737652938778885724064433672
1.44,0.000060678678945784201693565574427769664,0.75586602265205080812016345515718348
1.4533333333333333333333333333333333,0.000055688187051300861781092144982634002,0.76240750889977128171753698534113491
1.4666666666666666666666666666666667,0.00005108664221335299595648897348038224,0.76885172201465752242307352298207918
1.48,0.000046845725173691245354362124193915345,0.77519712455239056217436184342386834
1.4933333333333333333333333333333333,0.000042938837593109726468001457716534933,0.78144256783048512623649892316714712
1.5066666666666666666666666666666667,0.000039341257263519651210747070941246357,0.78758691584844524332658996957445556
1.52,0.000036029957236143139461790354450971109,0.79362913943235564435653938813186979
1.5333333333333333333333333333333333,0.000032983500514236051864563788251971979,0.79956831583294618323927903520705422
1.5466666666666666666666666666666667,0.000030181901406518625651100933613861892,0.80540371219037954208645111040003253
1.56,0.000027606690621189869148032218547484263,0.81113444706851454579408249504265879
1.5733333333333333333333333333333333,0.000025240582411808804571445566227372477,0.81675999837025909784757460470318574
1.5866666666666666666666666666666667,0.000023067556677026938225942289731980422,0.82227986150462037372702083497860522
1.6,0.000021072737271540918676616250426970749,0.82769363369522406785868354710539982
1.6133333333333333333333333333333333,0.000019242317296338370911662728183697037,0.83300101257342546439754688337520087
1.6266666666666666666666666666666667,0.000017563465352069469280123575307539319,0.83820186943072389820900184637334757
1.64,0.000016024354630438925774553851871209314,0.84329594673985043778971256922562113
1.6533333333333333333333333333333333,0.000014613954415909950010793352303593481,0.848283309821408746459242914778084
1.6666666666666666666666666666666667,0.00001332207102540686149978607277368489,0.85316404099888102438648060698822835
1.68,0.000012139267224698768298498668787758965,0.8579383138729809121279194643260004
1.6933333333333333333333333333333333,0.000011056795426107134513421558395129477,0.86260645819445946989791769705275652
1.7066666666666666666666666666666667,0.000010066610561781716094425578020775896,0.86716868773918282117514000639903658
1.72,0.0000091612303047539275897087346595262296,0.87162550494124103899345827871571046
1.7333333333333333333333333333333333,0.000008333756596217228093949195885461279,0.87597742549214685734452677306551532
1.7466666666666666666666666666666667,0.0000075778191919178754387170388197521085,0.8802250443695780440412212109244805
1.76,0.0000068875382010579444341089998174109583,0.88436903317672618801301453649680788
1.7733333333333333333333333333333333,0.0000062574802928892220564455182317436336,0.88841019539743517705025672356477356
1.7866666666666666666666666666666667,0.0000056826616654076627861435999895441112,0.89234923018438543436854464342022773
1.8,0.0000051584625885801577167296175376014965,0.89618708186992550678419837156224982
1.8133333333333333333333333333333333,0.0000046806362142010041458283088151335746,0.89992470067286047020132980764719102
1.8266666666666666666666666666666667,0.0000042452722980480971103681456034965418,0.90356309923998314813012926146217698
1.84,0.000003848772297914002700165221749881501,0.90710334968054504377564007303586034
1.8533333333333333333333333333333333,0.0000034878211570018974273140415085067987,0.91054662991704173377271304741392385
1.8666666666666666666666666666666667,0.0000031593861367532970878009818029341608,0.91389402192905200182188261168086486
1.88,0.0000028606652710875727753950098120594666,0.91714680895139746284883307991779552
1.8933333333333333333333333333333333,0.000002589090071697193871281490146355115,0.92030627089988548253522651044713315
1.9066666666666666666666666666666667,0.0000023423026035608445962397628265278556,0.92337373209466548035703269736263797
1.92,0.0000021181392860649770301699523532063337,0.92635055825041447361883992877807699
1.9333333333333333333333333333333333,0.0000019146130287415712454468147310733709,0.92923819480611352149613977472266148
1.9466666666666666666666666666666667,0.0000017299107899430774698902110299263369,0.93203799739181407093101832946241096
1.96,0.0000015623629079893868495064741975151936,0.93475148064454928604447363586036849
1.9733333333333333333333333333333333,0.0000014104431807238823416805377981900749,0.93738014616242799660197125642362764
1.9866666666666666666666666666666667,0.0000012727546234008826177352211379166352,0.93992552224161719684363627474947793
2.0,0.0000011480174270614730749904197468240491,0.94238916104646637634649550746667788
2.0133333333333333333333333333333333,0.0000010350664689945023440717974040827838,0.94477266989202628111694316866431419
2.0266666666666666666666666666666667,0.0000009328316255939092871710947661587097,0.94707757112820258472445845877020237
2.04,0.00000084033702090097245099328638352322467,0.94930550726697327941522397566142108
2.0533333333333333333333333333333333,0.00000075669157269365860563116170173164789,0.95145809867710091533450315596952028
2.0666666666666666666666666666666667,0.00000068108201941947485436132382891175293,0.95353697625517896232359779553349335
2.08,0.00000061276554040923785981720378583870841,0.95554380759592114794864583145268606
2.0933333333333333333333333333333333,0.00000055106768206945712731121756221001127,0.95748017897652014373141158603454991
2.1066666666666666666666666666666667,0.00000049537094052665492617725515716006173,0.95934776797554654145409460236042338
2.12,0.00000044511378151214923255431421142445656,0.96114822353606672807938210646456885
2.1333333333333333333333333333333333,0.00000039978494949523760609891486006286002,0.962883193470623015496330605696109
2.1466666666666666666666666666666667,0.00000035891919041759907655831068289440245,0.96455432236193452019598117469603153
2.16,0.00000032209280897963033187464477978297887,0.96616327248396722090781993558620391
2.1733333333333333333333333333333333,0.0000002889221320387535177450866965950205,0.96771162924570610234801496637788635
2.1866666666666666666666666666666667,0.0000002590569809800293285384874684444012,0.96920103960092812460922920479294053
2.2,0.00000023217981060118585696376607541380687,0.97063311587755466546050917453051213
2.2133333333333333333333333333333333,0.00000020800234241619180334938612054635528,0.97200945792961420438378087864940663
2.2266666666666666666666666666666667,0.00000018626299294843529758875866420628324,0.97333165154485565476799512204907241
2.24,0.00000016672424660306920832661947530467609,0.97460128501542832035451931433563142
2.2533333333333333333333333333333333,0.00000014917159811370749650058759769036716,0.97581987468048290250056280615914641
2.2666666666666666666666666666666667,0.00000013340987409610279416046315379457081,0.97698897426594726576800343802535093
2.28,0.00000011926258495998523068030055419204562,0.97811009909291101955674335336843694
2.2933333333333333333333333333333333,0.00000010656996760170849301878550415448657,0.97918474374289432829543346710222849
2.3066666666666666666666666666666667,0.00000009518746932443692826485114019743325,0.98021438097714132350282901086210515
2.32,0.000000084984221904455051856139659784140292,0.98120047475949625853557013321804098
2.3333333333333333333333333333333333,0.000000075842351671742431498127303152053713,0.98214442265290940398829961953528058
2.3466666666666666666666666666666667,0.000000067654936800016307886405096168582144,0.98304764093511798590828759198863851
2.36,0.000000060325560995994079177585648126291753,0.98391150590824160022505872209884761
2.3733333333333333333333333333333333,0.000000053767195286335634062616519457074964,0.98473736785984240955578953394564081
2.3866666666666666666666666666666667,0.00000004790124088199824138827026918596449,0.98552656166385356214563835415594381
2.4,0.0000000426570614306645427913540902957329,0.98628036090445040337544218526206763
2.4133333333333333333333333333333333,0.000000037970745923558614050321393195797944,0.98700004619805118709935361065472815
2.4266666666666666666666666666666667,0.000000033784796743694467244463785364864224,0.9876868584094946014813380595665217
2.44,0.000000030047437664894299595080816290197737,0.98834201005447583924689415415820142
2.4533333333333333333333333333333333,0.000000026712066666058185936619964572824973,0.98896668503337660845888382929811359
2.4666666666666666666666666666666667,0.000000023736717938216636566836383653875145,0.98956204687134220641175485232283967
2.48,0.000000021083778049377004611697229157666785,0.99012920439237635090190637500122559
2.4933333333333333333333333333333333,0.00000001871931750451287867689946895406989,0.99066926351958873981502697858604285
2.5066666666666666666666666666666667,0.000000016612896481078063251463697667307534,0.99118329222488405067549323072304165
2.52,0.00000001473718197402533915072083759069932,0.99167232940871304632956209129736153
2.5333333333333333333333333333333333,0.000000013067642309225887421298532338269875,0.99213738496646260749371265828984385
2.5466666666666666666666666666666667,0.000000011582250099089572536829948764663952,0.99257944616340865953741609405640908
2.56,0.000000010261315395263657530904010737238816,0.99299945243073335900646533363230155
2.5733333333333333333333333333333333,0.0000000090871299468157869085036859490975322,0.99339833408987279602320641672279127
2.5866666666666666666666666666666667,0.0000000080438509000506143177659542694381045,0.99377698657518035687619902001854899
2.6,0.0000000071172926577370903850209592729080444,0.99413627729777179677814877062516892
2.6133333333333333333333333333333333,0.0000000062947595081626481488392450131780647,0.99447704595443534690992662032776715
2.6266666666666666666666666666666667,0.0000000055648845147582596921037927782183263,0.99480010943852413496562827481380344
2.64,0.0000000049175341965754155887059796185631496,0.9951062436891392074388338404084661
2.6533333333333333333333333333333333,0.0000000043436220830277436519670567545439948,0.99539621224139746928739665633053997
2.6666666666666666666666666666666667,0.0000000038350413954333283110104287487120937,0.99567074762480957480412302817745012
2.68,0.0000000033845538535018987127932264434425819,0.99593055662990707307350390079380837
2.6933333333333333333333333333333333,0.0000000029856942184464154102710805727897428,0.99617632424645010157285541682708069
2.7066666666666666666666666666666667,0.0000000026327117008909267605113047402279845,0.9964087000659343016171920464790871
2.72,0.0000000023204624131081067219296091721309908,0.99662832019754588296178746139975916
2.7333333333333333333333333333333333,0.0000000020443676532080993259170482571027769,0.99683579330326065756610475287144152
2.7466666666666666666666666666666667,0.0000000018003488351749272762121850672478007,0.99703170479707015648568867056379321
2.76,0.0000000015847745663666000528903616937630485,0.99721661738279472950622436387114662
2.7733333333333333333333333333333333,0.0000000013944105329659388344870220669374795,0.99739107406274088574575510646855481
2.7866666666666666666666666666666667,0.0000000012263875541242503870393910249032922,0.99755558870345057729322756956093648
2.8,0.0000000010781467978058614489073841587229694,0.99771066179618383962252157723250527
2.8133333333333333333333333333333333,0.00000000094741687292109691368072933212407117,0.99785677073650185135278423147816599
2.8266666666666666666666666666666667,0.00000000083218016346307898666638991244891149,0.99799437300096716288331808911160969
2.84,0.00000000073064531309296806469074324973192084,0.99812390671514655577174222040623916
2.8533333333333333333333333333333333,0.00000000064122137670537959986071155352495714,0.99824579293940091722126538464472856
2.8666666666666666666666666666666667,0.00000000056250080517272875074946548493174177,0.99836042926237616612484197046752539
2.88,0.00000000049323197351026681478359148225499702,0.99846820098493510924127236276475113
2.8933333333333333333333333333333333,0.00000000043230691792646936672492609272485145,0.99856947449181724110243069531565872
2.9066666666666666666666666666666667,0.00000000037874421889749862756214184049617059,0.99866459963442866158860327761080184
2.92,0.000000000331674953604746038538572139601849,0.99875391028239784712771301870838505
2.9333333333333333333333333333333333,0.00000000029032959686040274280187667553728816,0.99883772604859967716142235410855951
2.9466666666666666666666666666666667,0.0000000002540291582997808407849093312678872,0.99891634803577176344360732465800215
2.96,0.00000000022217162263845120778426543945005271,0.9989900666691325399811242938852341
2.9733333333333333333333333333333333,0.00000000019422554048969496968960600458969199,0.99905915727193913546301958041176211
2.9866666666666666666666666666666667,0.00000000016972147569286167769805249780482008,0.9991238818362610602181083333193171
3.0,0.00000000014824467018847029432159495032392699,0.99918448952702685030018206975628417
3.0133333333333333333333333333333333,0.00000000012942998137124998483361988095130607,0.99924121797345470978610128070659965
3.0266666666666666666666666666666667,0.0000000001129544443178580602409557257400515,0.99929429051191670532816710885892667
3.04,9.8533603994615350281990564804215557e-11,0.99934392160055613840930246538191119
3.0533333333333333333333333333333333,8.5916781198196390984496258672057023e-11,0.99939031393106759748741740323324501
3.0666666666666666666666666666666667,7.4883164665605824990131052949032811e-11,0.99943365973135002839710580939562394
3.08,6.5238211745091237202726257248430672e-11,0.99947414177289891910883458405780083
3.0933333333333333333333333333333333,5.6811111873286543789122409329365584e-11,0.99951193148680453603151769764588647
3.1066666666666666666666666666666667,4.945122119930868638109440888098999e-11,0.99954719290532798124003488111440735
3.12,4.3026222663249485375052885124534307e-11,0.99958008067349370575800163435731876
3.1333333333333333333333333333333333,3.7419834666849553205762161544202938e-11,0.99961074104922525714202619325381612
3.1466666666666666666666666666666667,3.2529915106361969281884860497556664e-11,0.99963931228272321509839408330240424
3.16,2.826672582985472020760379356808624e-11,0.99966592535692796858487551674327759
3.1733333333333333333333333333333333,2.4551687347098845308758536979338254e-11,0.99969070282447861745724543763468962
3.1866666666666666666666666666666667,2.1315696972840083121919326316142607e-11,0.99971376146896096464353410290650648
3.2,1.849822520578993662899203507098961e-11,0.99973521106306090612372358953589347
3.2133333333333333333333333333333333,1.604622573567059837634456601248341e-11,0.99975515508900945340916217949462654
3.2266666666666666666666666666666667,1.3913231810234259135200509808111078e-11,0.99977369104673453292982633926920001
3.24,1.2058533858295326861612595132812732e-11,0.99979091099167645488991473615398764
3.2533333333333333333333333333333333,1.0446580142958406237583011309739254e-11,0.99980690083848812805215911836780131
3.2666666666666666666666666666666667,9.0461960989074087168827791178551923e-12,0.99982174213501829209615129321640728
3.28,7.8301495839773251059482501789974921e-12,0.99983551130715026324796696280677703
3.2933333333333333333333333333333333,6.7746412455840031871273136257560808e-12,0.99984828017121145489914353835971741
3.3066666666666666666666666666666667,5.8588813989252426980545720007582646e-12,0.99986011617635304095573886559043302
3.32,5.0647070697878025985139632200550778e-12,0.99987108279009176466237237557066781
3.3333333333333333333333333333333333,4.3762990942301391353626553002457781e-12,0.99988123909580803379279430873669896
3.3466666666666666666666666666666667,3.7798255837228124613236266901155258e-12,0.99989064096027814590514522585963868
3.36,3.2632369136254713582096332958724055e-12,0.99989934058773362276725590396053743
3.3733333333333333333333333333333333,2.8160315126384920471773151910858942e-12,0.99990738687940660588498745118883586
3.3866666666666666666666666666666667,2.4290559720769013476463687031169821e-12,0.99991482572255019082060433926433149
3.4,2.0943559113597938549101979237249388e-12,0.99992169974342306535691030764106398
3.4133333333333333333333333333333333,1.8049927145425220694631110290526206e-12,0.99992804912316982869908770342406147
3.4266666666666666666666666666666667,1.5549355836596161615528203049746749e-12,0.9999339113174261771850249928593692
3.44,1.3389406117821752514434094206928459e-12,0.99993932132105421579830643353913435
3.4533333333333333333333333333333333,1.1524502092477912615072529917340029e-12,0.99994431181294869913821890696857946
3.4666666666666666666666666666666667,9.915029313056745181446205076651348e-13,0.99994891335778664700404351014008173
3.48,8.5266549528599194158314383161210595e-13,0.99995315427482630875464563698936818
3.4933333333333333333333333333333333,7.3295154291717720061589050753339169e-13,0.99995706116240689027353199765584558
3.5066666666666666666666666666666667,6.2977252226416612798795723325444639e-13,0.99996065874273648034878925204262087
3.52,5.4088383737525148263808246099613531e-13,0.99996397004276385686053820875911112
3.5333333333333333333333333333333333,4.6434003932804619423639679773605446e-13,0.99996701649948576394813543532531013
3.5466666666666666666666666666666667,3.9845484496806556997978585976222354e-13,0.99996981809859348137434889817994826
3.56,3.4177071914258053964868326778903584e-13,0.99997239330937881013085196689501461
3.5733333333333333333333333333333333,2.9302344677656050258799940782622851e-13,0.99997475941758819119542855354733474
3.5866666666666666666666666666666667,2.5112020392033003179661956433766991e-13,0.99997693244332297306177405682383014
3.6,2.151159848601626293498189946159683e-13,0.99997892726272845908132338286313513
3.6133333333333333333333333333333333,1.8419398283052174728196378558354968e-13,0.99998075768270366162908833638537841
3.6266666666666666666666666666666667,1.5764816547195416975567895431542503e-13,0.99998243653464793053071987553825455
3.64,1.34869913269212591474912284086356e-13,0.99998397564536956107422544526169089
3.6533333333333333333333333333333333,1.1533282018436539603511718637839686e-13,0.99998538604558409004998920576125853
3.6666666666666666666666666666666667,9.8583085133923554665494438326312392e-14,0.9999866779289745931385002130407884
3.68,8.4229367942861828593025468294234533e-14,0.99998786073277530123170150044477435
3.6933333333333333333333333333333333,7.1934181725502946450197408631523062e-14,0.999988943204573892865486577555167
3.7066666666666666666666666666666667,6.1407254196071917400196075530498822e-14,0.99998993338943821828390557353554133
3.72,5.2398112528771060318846018626474321e-14,0.99999083876969524607241029037890258
3.7333333333333333333333333333333333,4.4691320372482613531370789184502928e-14,0.99999166624340378277190604991767666
3.7466666666666666666666666666666667,3.8101518996329980153757720812660028e-14,0.99999242218080808212456128207474235
3.76,3.2469301075319926341613418082090876e-14,0.9999931124617989420555658901137447
3.7733333333333333333333333333333333,2.7657575507443091771700235005790775e-14,0.99999374251970711077794355359533034
3.7866666666666666666666666666666667,2.354874671469737793287459977263503e-14,0.99999431733833459233721385551357257
3.8,2.0041627647858967710667615647620177e-14,0.99999484153741141984228326949602452
3.8133333333333333333333333333333333,1.7049422105963332323517852583439426e-14,0.99999531936378579899585417080474695
3.8266666666666666666666666666666667,1.4497656479684839893399844716657077e-14,0.99999575472770195190288963096795861
3.84,1.232245950580615815750825681749446e-14,0.99999615122770208599729983389181224
3.8533333333333333333333333333333333,1.0469053080961222504756816644138113e-14,0.99999651217884299810257268507205359
3.8666666666666666666666666666666667,8.8905750821595096051439108803737031e-15,0.99999684061386324670291219813175918
3.88,7.5468151724359046317407923058300773e-15,0.99999713933472891242722460410375008
3.8933333333333333333333333333333333,6.403375451912364201794739240277934e-15,0.99999741090992830280612871762341574
3.9066666666666666666666666666666667,5.4308223652502753507828896034939011e-15,0.99999765769739643915540375935073559
3.92,4.6039817413699364642106989646704804e-15,0.99999788186071393502296982916120892
3.9333333333333333333333333333333333,3.9013228374787233296181671763088284e-15,0.99999808538697125842875455229883103
3.9466666666666666666666666666666667,3.3044757266698544973369967345747732e-15,0.9999982700892100569225301089025322
3.96,2.7977220305932854341584641107040008e-15,0.99999843763709201061315049263936457
3.9733333333333333333333333333333333,2.3676519785355634321727721143411719e-15,0.99999858955681927611765831857576391
3.9866666666666666666666666666666667,2.0028224974337924311177872370896072e-15,0.9999987272453765991173822638924242
4.0,1.6934690918904153031526899358350191e-15,0.99999885198084849723080770060182436
4.0133333333333333333333333333333333,1.4312793653690030303850785124192165e-15,0.99999896493353100549765592731615803
4.0266666666666666666666666666666667,1.2091572840757455290410427999491415e-15,0.99999906716837440609071282801879597
4.04,1.0210627197335152242069522430439955e-15,0.99999915966297909902754900582717857
4.0533333333333333333333333333333333,8.6185313711838291746751087262025826e-16,0.99999924330842730634139436795186038
4.0666666666666666666666666666666667,7.2715220227078458885317220542395704e-16,0.99999931891798058052514563778973321
4.08,6.1323580019745890286725937278852732e-16,0.99999938723445959076214018190977626
4.0933333333333333333333333333333333,5.1694213838107024826757551353149863e-16,0.99999944893231793054287268789599992
4.1066666666666666666666666666666667,4.3557960779400336510321310789930622e-16,0.99999950462905947334507382185840494
4.12,3.6686332775362242958590033588719172e-16,0.99999955488621848785076744479935068
4.1333333333333333333333333333333333,3.0885327218885829210289855276080425e-16,0.99999960021505050476239390019870206
4.1466666666666666666666666666666667,2.5990297087249164352553414340859374e-16,0.99999964108080958240092344080287919
4.16,2.1861517550746176426794386593166644e-16,0.99999967790719102036966812446878234
4.1733333333333333333333333333333333,1.8380679569217303952453339310884555e-16,0.99999971107786796124648225402686553
4.1866666666666666666666666666666667,1.5447347456008669623137941621407482e-16,0.99999974094301901997067146062609366
4.2,1.2976493298480136218988572644489689e-16,0.9999997678201893988141430353474867
4.2133333333333333333333333333333333,1.089611921707911449261937947446358e-16,0.99999979199765758380819664972744158
4.2266666666666666666666666666666667,9.1452883103463221873686415663539243e-17,0.99999981373700705156470241035489789
4.24,7.6724292093334713886223499809118179e-17,0.99999983327575339693079167249408681
4.2533333333333333333333333333333333,6.4339920019023519077953232517761984e-17,0.99999985082840188629250349852596441
4.2666666666666666666666666666666667,5.3931085574007387576145712260488695e-17,0.99999986659012590389720583865040832
4.28,4.5186511557079909705367480411215694e-17,0.99999988073741504001476931881300792
4.2933333333333333333333333333333333,3.7843340203042920091415793016696773e-17,0.99999989343003239829150698032805794
4.3066666666666666666666666666666667,3.1679702335761217310141146021069438e-17,0.9999999048125306755630717342624219
4.32,2.6508342155746270444627243595269757e-17,0.99999991501577809554494814297390235
4.3333333333333333333333333333333333,2.2171553593254975715879148890980139e-17,0.99999992415764832825756850098625894
4.3466666666666666666666666666666667,1.8536196806354772693866023266612695e-17,0.99999993234506319998369211270846593
4.36,1.5490166082401120746694910668911554e-17,0.999999939674439004005920821527914
4.3733333333333333333333333333333333,1.2939051495037417399074863567729339e-17,0.99999994623280471366436593649704264
4.3866666666666666666666666666666667,1.0803353370019579786259915346175864e-17,0.99999995209875911800175861084329294
4.4,9.0162669468156201473220357241570829e-18,0.9999999573429385693354572077594718
4.4133333333333333333333333333333333,7.5215237634734903225736509657847015e-18,0.99999996202925407644138594879216891
4.4266666666666666666666666666666667,6.2718517176790771909071065322199158e-18,0.99999996621520325630553275464977676
4.44,5.2275308020717327310243170511404269e-18,0.9999999699525623351057004040327458
4.4533333333333333333333333333333333,4.3552017336783807987076437492505684e-18,0.99999997328793333394181406249359754
4.4666666666666666666666666666666667,3.6268504013194975483545873045942234e-18,0.99999997626328206178336343227717843
4.48,3.0189991974637770818442824278179033e-18,0.99999997891622195062299538741633294
4.4933333333333333333333333333333333,2.5119279455171103581804795047328743e-18,0.99999998128068249548712132221409317
4.5066666666666666666666666666666667,2.0891141541244871021879731681426575e-18,0.99999998338710351892193674764986447
4.52,1.7367126546224464399269099526492347e-18,0.9999999852628180259746608483927245
4.5333333333333333333333333333333333,1.4431270222024559549183189841376804e-18,0.99999998693235769077411257781502976
4.5466666666666666666666666666666667,1.1986454967844744136345073042140773e-18,0.99999998841774990091042746228361333
4.56,9.9515080647281411676968445003899055e-19,0.99999998973868460473634246820955137
4.5733333333333333333333333333333333,8.2584358914176307313763733909109102e-19,0.99999999091287005318421309060987617
4.5866666666666666666666666666666667,6.8504240432747916299428673829120726e-19,0.99999999195614909994938568134760783
4.6,5.6799936409032840831510816556447112e-19,0.99999999288270734226290961409260283
4.6133333333333333333333333333333333,4.7074853184573219911240395953023125e-19,0.9999999937052404918373518502743171
4.6266666666666666666666666666666667,3.8997757101340135599544731898304583e-19,0.99999999443511548524174030700976932
4.64,3.22925382479705368775464511289981e-19,0.9999999950824658034245844104075825
4.6533333333333333333333333333333333,2.6728552237315132299175498308279222e-19,0.99999999565637791697225634714650538
4.6666666666666666666666666666666667,2.2113596406953293402606799810010464e-19,0.99999999616495860456667168810313335
4.68,1.8287485844737535111470340493091251e-19,0.99999999661544614649810128632033566
4.6933333333333333333333333333333333,1.5116738290647680907546542683354899e-19,0.99999999701430578155358458884248153
4.7066666666666666666666666666666667,1.2490333865382904686485327012182531e-19,0.99999999736728829910907323860225736
4.72,1.0315746262406414920781956379151589e-19,0.99999999767953758689189327718395294
4.7333333333333333333333333333333333,8.5160440038638540520055560003000692e-20,0.99999999795563234679190067319651384
4.7466666666666666666666666666666667,7.027255992431693586984652882952566e-20,0.99999999819965116482507272290137704
4.76,5.796212174128452159787902034917354e-20,0.99999999841522543363339994622320042
4.7733333333333333333333333333333333,4.7787264225332228021490386195538591e-20,0.99999999860558946703406116462654003
4.7866666666666666666666666666666667,3.9381466314228920612475614817943457e-20,0.99999999877361244587574961207417109
4.8,3.2440100494545611569997446666467436e-20,0.99999999892185320219413855020617793
4.8133333333333333333333333333333333,2.6710565601307389960061297004891561e-20,0.99999999905258312707890308543283277
4.8266666666666666666666666666666667,2.1983384379202036769936309258796447e-20,0.99999999916781983653692101244717219
4.84,1.8084919891749867705556207986155704e-20,0.99999999926935468690703193442281887
4.8533333333333333333333333333333333,1.487126615268074544772415224762746e-20,0.99999999935877862329462039925285055
4.8666666666666666666666666666666667,1.222337357350619122848225934206119e-20,0.99999999943749919482727124836409663
4.88,1.0042567577095600652789844308635865e-20,0.99999999950676802648973318432997061
4.8933333333333333333333333333333333,8.2472464144076495556974985681864872e-21,0.99999999956769308207353063238863602
4.9066666666666666666666666666666667,6.7699225435493290503852325356651785e-21,0.99999999962125578110250137155142028
4.92,5.5548065762336716526977298103546184e-21,0.99999999966832504639525396057498995
4.9333333333333333333333333333333333,4.5557872253806619670437534839661372e-21,0.99999999970967040313959725631168543
4.9466666666666666666666666666666667,3.734819933253168638651829415223509e-21,0.9999999997459708417002191583286528
4.96,3.0604577517042195852456896790587214e-21,0.99999999977782837736154879132929666
4.9733333333333333333333333333333333,2.5067647856525097337458917434352356e-21,0.99999999980577445951030502942395611
4.9866666666666666666666666666666667,2.0523491635576961834773218221686043e-21,0.99999999983027852430713832141550964
5.0,1.6795699789983625900321722729132626e-21,0.99999999985175503786703583969375156
5.0133333333333333333333333333333333,1.3739048928191763044879480967878826e-21,0.99999999987057001862875001427994224
5.0266666666666666666666666666666667,1.1233773828916746603032438332379721e-21,0.99999999988704555568214193887260636
5.04,9.1813197186440089750228300400733939e-22,0.99999999990146639600538464883157154
5.0533333333333333333333333333333333,7.5005820363998086939273569976704831e-22,0.99999999991408321880180360812906586
5.0666666666666666666666666666666667,6.124846784250978828457165709383518e-22,0.99999999992511683533439417412343104
5.08,4.9992471569458234130435939866424467e-22,0.99999999993476178825490876191083586
5.0933333333333333333333333333333333,4.078736554725011123320007474523273e-22,0.99999999994318888812671345532443968
5.1066666666666666666666666666666667,3.3262667739921433016320323019833102e-22,0.99999999995054877880069131273246769
5.12,2.7114329108492855057274223286223587e-22,0.99999999995697377733675051373850923
5.1333333333333333333333333333333333,2.2092812050747481920351664323599118e-22,0.99999999996258016533315044590779997
5.1466666666666666666666666666666667,1.7993409632584828625824954101078435e-22,0.99999999996747008489363802983167724
5.16,1.464822339189418136642646710046726e-22,0.99999999997173327417014527890595833
5.1733333333333333333333333333333333,1.1919774462888173351062788486602485e-22,0.99999999997544831265290115380480355
5.1866666666666666666666666666666667,9.6953033041646168413301173081132342e-23,0.99999999997868430302715991599164278
5.2,7.8825188133716938943357685379567887e-23,0.99999999998150177479421006248457009
5.2133333333333333333333333333333333,6.4058808758794498009284536094120799e-23,0.99999999998395377426432940073721753
5.2266666666666666666666666666666667,5.2035878869181148426745187718380215e-23,0.99999999998608676818976573997836159
5.24,4.2250880953189195278476411489106258e-23,0.9999999999879414661417046722519495
5.2533333333333333333333333333333333,3.4290993306317969218089501814651371e-23,0.99999999998955341985704159287597909
5.2666666666666666666666666666666667,2.7818545308395368415594303536208737e-23,0.99999999999095380390109259039667934
5.28,2.2557904502752840528566383693510445e-23,0.99999999999216985041602267400761388
5.2933333333333333333333333333333333,1.8284075161265864464851409594550989e-23,0.99999999999322535875441599592643478
5.3066666666666666666666666666666667,1.4813478451239033399009910416187427e-23,0.99999999999414111860107475641550753
5.32,1.1996359094095153578217240625659691e-23,0.99999999999493529293021219651504813
5.3333333333333333333333333333333333,9.710749128355189638755090150017914e-24,0.99999999999562370090576985997819945
5.3466666666666666666666666666666667,7.8571558967279395291238162829608901e-24,0.99999999999622017441627718665223849
5.36,6.3545842262634642863519057459320262e-24,0.99999999999673676308637452775535246
5.3733333333333333333333333333333333,5.1370970227141589853626033017633536e-24,0.99999999999718396848736150706638478
5.3866666666666666666666666666666667,4.1510270587448528517772912503450471e-24,0.99999999999757094402792309776591572
5.4,3.3527625321515485915093811676326204e-24,0.9999999999979056440886402052586519
5.4133333333333333333333333333333333,2.706808849005251179275150603098724e-24,0.99999999999819500728545747704409901
5.4266666666666666666666666666666667,2.1843352203648239546691269117527453e-24,0.99999999999844506441634038295200931
5.44,1.7619236378366569610336781872501723e-24,0.9999999999986610593882178238621187
5.4533333333333333333333333333333333,1.4205612177355277201845445152404892e-24,0.99999999999884754979075220785205486
5.4666666666666666666666666666666667,1.144814908709268575566806553996139e-24,0.99999999999900849706869432459541747
5.48,9.2217681175258991805357373843436213e-25,0.99999999999914733450471400717197896
5.4933333333333333333333333333333333,7.4249475446550768867323482553893744e-25,0.99999999999926704845708282191294623
5.5066666666666666666666666666666667,5.9754469788536178239329783582794231e-25,0.99999999999937022747773583298557414
5.52,4.8066461405098337918183919731977534e-25,0.99999999999945911616262474763092402
5.5333333333333333333333333333333333,3.8646023590036371194217499323687859e-25,0.99999999999953565996067195291932572
5.5466666666666666666666666666666667,3.1056478239297579850839397302769513e-25,0.99999999999960154515503193354358231
5.56,2.4944860165685220396360806424052214e-25,0.99999999999965822928085741857391342
5.5733333333333333333333333333333333,2.0025460369688928567611924090658415e-25,0.99999999999970697655322343861097409
5.5866666666666666666666666666666667,1.606745409400751467355323282561533e-25,0.99999999999974887979607966908176549
5.6,1.2884361401321325032635769462631201e-25,0.99999999999978488401513983648421229
5.6133333333333333333333333333333333,1.0325595584580959061486619210659271e-25,0.99999999999981580601716947736628016
5.6266666666666666666666666666666667,8.2695824362741837102835452021003032e-26,0.99999999999984235183452804494380644
5.64,6.6183165577476257426565882342934294e-26,0.9999999999998651300867307865220872
5.6533333333333333333333333333333333,5.2926826597983774559920499260894155e-26,0.99999999999988466717981563371752697
5.6666666666666666666666666666666667,4.2289349389013333570204048785975117e-26,0.99999999999990141691486607555889662
5.68,3.3757127686504221313230967692940232e-26,0.9999999999999157706320571372849691
5.6933333333333333333333333333333333,2.6916440879982638577533653728913175e-26,0.9999999999999280658182744961671119
5.7066666666666666666666666666666667,2.1434516336906301690663893388122006e-26,0.99999999999993859274580392719616192
5.72,1.7043329842229150372129502260255548e-26,0.99999999999994760188747122805324323
5.7333333333333333333333333333333333,1.352740843755062305779500822602925e-26,0.99999999999995530867962751650003074
5.7466666666666666666666666666666667,1.0713532914466380134100285131083646e-26,0.99999999999996189848100366913340836
5.76,8.4625144726146194850241590788120449e-27,0.99999999999996753069892467918722051
5.7733333333333333333333333333333333,6.6625360327493852656191224749231402e-27,0.9999999999999723424244925560217904
5.7866666666666666666666666666666667,5.2238987107228199655183499799261152e-27,0.99999999999997645125328530173562925
5.8,4.0745525895502554454404895085739207e-27,0.99999999999997995837235214014585143
5.8133333333333333333333333333333333,3.1567298938107360580214110963199476e-27,0.99999999999998295057789403578123859
5.8266666666666666666666666666666667,2.424115914891512227473750893846381e-27,0.99999999999998550234352031427366873
5.84,1.8395949989892988114344044165361258e-27,0.99999999999998767754049419295540458
5.8533333333333333333333333333333333,1.3734307247856470430281341255306107e-27,0.99999999999998953094691903789105735
5.8666666666666666666666666666666667,1.0018324533378081653967811208672109e-27,0.99999999999999110942491783960395695
5.88,7.0574234915556783617649738885219094e-28,0.99999999999999245318482756320893037
5.8933333333333333333333333333333333,4.6992130662519078031770675037321545e-28,0.99999999999999359662454808674936033
5.9066666666666666666666666666666667,2.8218439115538987523087626781140264e-28,0.99999999999999456917763474883821131
5.92,1.3279310396650328590508362685475826e-28,0.99999999999999539601825862917709789
5.9333333333333333333333333333333333,1.3966151329159778013376770353881705e-29,0.9999999999999960986771625203902325
5.9466666666666666666666666666666667,-8.0505276927454988853980576150947988e-29,0.99999999999999669552427332925906476
5.96,-1.5558135923275889672355137892645397e-28,0.99999999999999720227796940582812795
5.9733333333333333333333333333333333,-2.1521774677503476326172552657620288e-28,0.99999999999999763234802146355012996
5.9866666666666666666666666666666667,-2.6256881177084057871620079525640901e-28,0.99999999999999799717750256532113098
6.0,-3.0014931840923237231347557235156053e-28,0.99999999999999830652677359816983083
